{"cameraMode":{"drawMode":0,"name":"Shaded","section":"Shading Mode"},"sceneLighting":true,"audioPlay":false,"sceneViewState":{"showFog":true,"showMaterialUpdate":false,"showSkybox":true,"showFlares":true,"showImageEffects":true,"showParticleSystems":true},"in2DMode":false,"pivot":{"x":234.3258514404297,"y":1231.70947265625,"z":-35.983642578125},"rotation":{"x":0.0029989024624228479,"y":-0.02699660137295723,"z":0.00008099005208350718,"w":0.9996310472488403},"size":704.0543212890625,"orthographic":false}