{"cameraMode":{"drawMode":0,"name":"Shaded","section":"Shading Mode"},"sceneLighting":false,"audioPlay":false,"sceneViewState":{"showFog":true,"showMaterialUpdate":false,"showSkybox":true,"showFlares":true,"showImageEffects":true,"showParticleSystems":true},"in2DMode":false,"pivot":{"x":-60.599998474121097,"y":-2.9000000953674318,"z":0.0},"rotation":{"x":-0.0014999927952885628,"y":0.0029999923426657917,"z":-0.000004499992428463884,"w":-0.9999943971633911},"size":71.19476318359375,"orthographic":false}